FECHA;ENERGIA-CONSUMIDA.FEM+ALCO-EXP;LINEAS DE PRODUCCION.LINEA 2.kWh dia;LINEAS DE PRODUCCION.SOLISTICA 3.kWh dia;LINEAS DE PRODUCCION.LINEA 2 - SOL 3.kWh dia;LINEAS DE PRODUCCION.LINEA 3.kWh dia;LINEAS DE PRODUCCION.LINEA 4.kWh dia;LINEAS DE PRODUCCION.LINEA 5.kWh dia;LINEAS DE PRODUCCION.LINEA 6.kWh dia;LINEAS DE PRODUCCION.LINEA 7 B&B AUX FABRICACION.kWh dia;LINEAS DE PRODUCCION.SEPPELEC 1.kWh dia;LINEAS DE PRODUCCION.SEPPELEC 2.kWh dia;LINEAS DE PRODUCCION.ANEKO.kWh dia;LINEAS DE PRODUCCION.PTAR.kWh dia;LINEAS DE PRODUCCION.PTAP.kWh dia;LINEAS DE PRODUCCION.TDF21.7.1 CUARTOS FRIOS.kWh dia;LINEAS DE PRODUCCION.FABRICACION HOTFILL.kWh dia;LINEAS DE PRODUCCION.TORRE DE ENFRIAMIENTO (PTAP).kWh dia;CONSUMO ENERGIAA ELECTRICA POR USUARIOS PIF.CONSUMO TOTAL ENTOCA.kWh dia;CONSUMO ENERGIAA ELECTRICA POR USUARIOS PIF.CONSUMO TOTAL ENERGIAA ELECTRICA FEMSA.INDICADOR.kWh dia;REFRIGERACION.GLICOL AGUA HELADA.Kwh/dia;REFRIGERACION.AGUA CLARIFICADO.Kwh/dia;REFRIGERACION.AGUA  PASTEURIZADO TORRE PASTER 1.Kwh/dia;REFRIGERACION.ENERGIAA ELECTRICA MAYEKAWA.kWh dia;REFRIGERACION.ENERGIAA ELECTRICA CLARIFICADO.kWh dia;REFRIGERACION.TOTAL CLARIFICADO.kTr;REFRIGERACION.TOTAL PASTEURIZADO.kTr;REFRIGERACION.TOTAL MAYEKAWA.kTr;REFRIGERACION.TOTAL REFRIGERACION.kTr;AIRE COMPRIMIDO.GENERACION TOTAL AIRE.KNm3/dia;AIRE COMPRIMIDO.CONSUMO AIRE FEMSA.KNm3/dia;AIRE COMPRIMIDO.ENERGIAA ELECTRICA AIRE TOTAL.kWh/dia;AIRE COMPRIMIDO.ENERGIAA ELECTRICA AIRE FEMSA.kWh/dia;MEDIDORES DE GAS.LINEA MEDIA m3/dia.;LITROS DE BEBIDA.LITROS DE BEBIDA LB.;LITROS DE BEBIDA.LITROS DE BEBIDA LB-ACUMULADO-.;DETALLADO PRODUCCION.LITROS DE BEBIDA LB LINEA 2.;DETALLADO PRODUCCION.LITROS DE BEBIDA LB LINEA 3.;DETALLADO PRODUCCION.LITROS DE BEBIDA LB LINEA 4.;DETALLADO PRODUCCION.LITROS DE BEBIDA LB LINEA 5.;DETALLADO PRODUCCION.LITROS DE BEBIDA LB LINEA 6.;DETALLADO PRODUCCION.LITROS DE BEBIDA LB LINEA 7 BIB.
1/11/2025;140.503,45;4.423,00;405;4.018,00;4.108,00;2.865,00;3.331,00;2.102,00;881;996;643;1.483,00;1.776,00;1.508,00;296;177;597;61.032,00;75.273,35;36.383,72;6.009,36;4.249,89;7.253,70;75,19;1,71;1,21;10,35;13,27;62,98;34,64;7.594,81;4.177,27;39.215,00;1.886.187,86;1.886.187,86;814.749,74;304.431,00;152.018,52;562.119,00;;0
2/11/2025;144.678,09;3.674,00;2;3.672,00;4.750,00;2.912,00;3.683,00;262;890;1.028,00;637;1.600,00;1.746,00;1.464,00;305;35;539;64.616,00;76.604,09;34.302,68;5.031,00;36,65;8.596,80;2,07;1,43;0,01;9,76;11,2;60,93;30,16;7.804,43;3.863,15;39.221,00;2.098.494,51;3.984.682,37;684.969,51;502.758,00;180.576,00;730.191,00;52.869,60;0
3/11/2025;103.081,24;467;2;465;623;2.844,00;3.693,00;140;867;347;689;1.392,00;1.614,00;1.071,00;316;11;166;42.511,00;62.105,54;14.145,62;3.695,48;0;3.631,50;0,76;1,05;0;4,02;5,07;32,74;16,88;4.185,24;2.157,81;31.622,00;898.954,80;4.883.637,17;0;0;81.826,80;377.064,00;0;0
4/11/2025;136.786,13;4.556,00;397;4.159,00;4.463,00;3.003,00;3.510,00;1.344,00;1.031,00;1.320,00;730;1.558,00;1.441,00;1.469,00;375;173;492;55.302,00;77.413,93;29.220,72;4.182,41;5.480,06;7.359,00;202,66;1,19;1,56;8,31;11,06;58,54;30,31;7.139,56;3.696,62;40.791,00;2.144.793,91;7.028.431,08;863.453,63;405.336,00;203.821,44;608.526,00;0;20.360,00
5/11/2025;152.059,90;4.835,00;413;4.422,00;4.373,00;3.062,00;2.957,00;3.791,00;1.062,00;1.164,00;648;1.574,00;1.400,00;1.552,00;499;325;574;69.444,00;78.838,90;25.148,42;4.219,32;10.912,75;6.234,40;270,05;1,2;3,1;7,15;11,46;62,08;28,34;7.896,93;3.605,01;40.751,00;2.281.743,72;9.310.174,80;1.016.722,52;372.096,00;247.435,20;489.040,00;28.188,00;0
6/11/2025;179.773,63;4.567,00;205;4.362,00;4.108,00;3.042,00;3.393,00;4.241,00;988;1.157,00;691;1.819,00;1.461,00;1.709,00;353;339;515;92.988,00;80.999,03;25.761,57;4.766,26;9.161,81;6.632,60;270,86;1,36;2,61;7,33;11,29;70,18;32,22;8.421,04;3.866,14;38.877,00;2.386.362,20;11.696.537,00;992.555,60;341.222,40;206.443,20;657.480,00;156.450,00;14.300,00
7/11/2025;166.924,87;3.121,00;427;2.694,00;2.470,00;2.557,00;2.910,00;2.735,00;940;1.120,00;737;1.614,00;1.472,00;1.407,00;361;242;542;92.795,00;69.392,97;22.339,05;4.108,58;5.812,66;5.634,20;193,06;1,17;1,65;6,35;9,18;57,54;25,99;7.018,11;3.169,98;39.001,00;1.299.636,53;12.996.173,53;499.499,00;188.189,92;135.919,80;412.704,00;188.661,00;0
8/11/2025;186.002,79;4.620,00;427;4.193,00;4.112,00;3.072,00;3.411,00;1.157,00;1.132,00;1.331,00;690;1.458,00;1.451,00;1.429,00;441;124;442;103.191,00;77.921,99;30.657,94;4.909,66;5.034,02;7.849,40;212,17;1,4;1,43;8,72;11,55;64,08;30;7.903,75;3.700,26;38.331,00;2.020.082,37;15.016.255,90;974.026,84;260.436,00;197.017,32;511.500,00;48.280,80;39.923,50
9/11/2025;192.498,97;5.112,00;420;4.692,00;4.349,00;3.259,00;3.580,00;142;955;1.228,00;747;1.184,00;1.530,00;1.487,00;366;23;509;107.122,00;80.971,47;29.540,78;5.299,26;0;7.347,60;0,85;1,51;0;8,4;9,91;64,18;28,96;7.698,18;3.473,66;39.487,00;2.518.425,42;17.534.681,32;1.161.801,42;379.008,00;263.808,00;713.808,00;41.868,00;0
10/11/2025;177.890,10;3.990,00;387;3.603,00;3.418,00;2.935,00;3.479,00;2.669,00;1.020,00;968;673;1.066,00;1.561,00;1.488,00;401;238;523;98.257,00;74.913,20;26.404,47;4.837,57;3.227,16;6.566,29;117,05;1,38;0,92;7,51;9,8;61,93;27,66;7.737,82;3.455,97;38.805,00;1.781.145,16;19.315.826,48;664.715,15;217.968,01;190.830,00;639.756,00;0;7.780,00
11/11/2025;189.167,20;4.778,00;296;4.482,00;3.949,00;3.497,00;3.446,00;2.700,00;966;1.315,00;673;1.075,00;1.457,00;1.490,00;401;212;460;103.431,00;80.436,30;32.659,06;4.735,09;7.604,15;8.578,61;287,83;1,35;2,16;9,29;12,8;68,13;34,13;8.208,39;4.112,03;39.208,00;2.310.876,27;21.626.702,75;1.072.199,91;237.600,00;254.592,00;630.897,00;60.096,00;0
12/11/2025;181.777,60;4.603,00;287;4.316,00;3.878,00;2.933,00;3.359,00;1.196,00;947;1.027,00;636;1.026,00;1.478,00;1.397,00;396;41;438;101.522,00;75.318,90;29.549,69;4.248,22;664,5;7.752,40;19,82;1,21;0,19;8,4;9,8;60,88;27,3;7.479,45;3.353,96;38.772,00;1.253.028,27;22.879.731,02;933.111,36;216.774,00;232.242,27;549.456,00;80.145,60;0
13/11/2025;187.418,40;4.349,00;432;3.917,00;3.795,00;2.878,00;3.528,00;1.378,00;1.066,00;1.028,00;679;871;1.475,00;1.511,00;407;198;456;99.929,00;82.708,40;29.926,75;3.957,17;4.103,98;8.165,90;127,92;1,13;1,17;8,51;10,8;62,88;28,43;7.414,49;3.352,32;39.139,00;1.859.596,83;24.739.327,85;710.467,47;298.217,37;159.894,00;628.632,00;18.753,60;10.870,00
14/11/2025;174.688,37;4.763,00;303;4.460,00;4.285,00;2.860,00;3.340,00;2.514,00;1.076,00;1.288,00;658;934;888;1.557,00;405;325;484;96.049,00;73.282,27;35.917,28;3.707,96;6.744,87;9.280,40;168,67;1,05;1,92;10,22;13,19;64,08;29,66;7.833,43;3.625,77;39.511,00;2.355.733,77;27.095.061,62;1.136.874,77;369.792,00;157.422,00;630.396,00;51.516,00;18.570,00
15/11/2025;154.850,46;4.819,00;407;4.412,00;4.354,00;2.049,00;2.376,00;476;1.081,00;1.160,00;544;1.262,00;1.495,00;1.386,00;372;11;590;76.443,00;73.599,56;28.949,13;5.758,43;0;7.333,80;0,86;1,64;0;8,23;9,87;59,74;26,44;7.396,11;3.273,40;39.235,00;1.864.937,14;28.959.998,76;984.305,22;391.680,00;98.919,00;363.870,00;123.585,00;26.163,50
16/11/2025;139.552,13;2.596,00;2;2.594,00;2.253,00;3.183,00;3.768,00;168;1.025,00;645;694;1.134,00;1.144,00;1.237,00;337;12;454;68.245,00;69.343,93;26.675,42;5.604,92;0;6.775,40;0,83;1,59;0;7,59;9,18;49,88;22,65;6.129,71;2.783,44;39.505,00;1.758.480,92;30.718.479,68;591.997,62;178.123,20;207.970,10;780.390,00;0;0
17/11/2025;128.818,25;2.724,00;184;2.540,00;2.600,00;2.606,00;2.019,00;157;995;839;547;859;1.359,00;1.313,00;343;10;174;61.321,00;65.061,55;17.425,54;2.202,04;122,88;4.325,80;12,41;0,63;0,03;4,96;5,62;49,39;22,27;6.441,40;2.904,43;35.317,00;1.059.607,14;31.778.086,82;451.896,78;122.907,00;180.306,36;311.904,00;0;0
18/11/2025;158.255,80;4.790,00;427;4.363,00;3.747,00;3.211,00;3.381,00;2.342,00;1.065,00;1.141,00;612;1.063,00;952;1.668,00;398;247;646;73.803,00;79.047,70;30.099,16;3.769,31;5.449,13;7.662,70;143,5;1,07;1,55;8,56;11,18;66,08;30,7;8.095,27;3.760,97;39.991,00;2.070.420,97;33.848.507,79;998.329,67;219.966,00;251.136,00;472.692,00;0;147.426,45
19/11/2025;168.986,56;3.040,00;427;2.613,00;2.590,00;3.159,00;3.500,00;4.184,00;953;914;744;1.194,00;1.365,00;1.408,00;336;354;426;89.431,00;75.096,86;21.334,56;4.400,44;10.586,40;5.537,10;267,14;1,25;3,01;6,07;10,33;56,88;27,68;6.896,76;3.356,23;38.648,00;1.733.527,07;35.582.034,86;506.483,92;252.413,95;243.331,20;575.898,00;71.582,40;0
20/11/2025;187.455,02;4.766,00;404;4.362,00;4.257,00;3.087,00;3.292,00;4.401,00;957;1.128,00;760;1.172,00;1.579,00;1.738,00;338;336;653;102.125,00;81.024,22;27.998,34;5.559,33;11.983,23;6.517,10;273,94;1,58;3,41;7,96;12,95;66,18;30,09;8.137,69;3.699,96;39.233,00;2.336.414,13;37.918.448,99;958.460,73;345.042,00;223.694,00;640.530,00;155.400,00;0
21/11/2025;188.500,17;4.931,00;420;4.511,00;4.363,00;2.886,00;3.485,00;4.731,00;1.232,00;1.321,00;704;1.716,00;1.424,00;1.824,00;367;373;437;100.297,00;82.759,07;28.321,00;5.211,15;10.145,53;7.976,00;294,45;1,48;2,89;8,05;12,42;70,18;32,33;8.445,01;3.890,38;39.458,00;2.662.477,27;40.580.926,26;1.131.010,12;366.336,00;181.262,40;695.004,00;168.687,00;444.254,40
22/11/2025;171.113,82;4.667,00;378;4.289,00;4.220,00;2.944,00;3.509,00;3.159,00;1.098,00;1.125,00;752;1.684,00;1.558,00;1.791,00;335;121;487;86.997,00;79.331,52;27.398,80;6.338,21;1.111,83;7.045,30;77,11;1,8;0,32;7,79;9,91;62,98;29,22;7.776,39;3.607,91;38.584,00;2.288.983,45;42.869.909,71;902.295,69;338.270,40;163.320,36;735.520,00;219.450,00;0
23/11/2025;172.868,24;4.851,00;261;4.590,00;4.001,00;3.067,00;3.269,00;2.268,00;1.075,00;1.340,00;740;1.562,00;1.531,00;1.800,00;388;80;606;84.937,00;83.420,34;30.760,50;4.589,81;1.605,08;7.755,10;182,67;1,31;0,46;8,75;10,51;65,98;31,49;7.805,92;3.725,50;38.879,00;2.222.732,02;45.092.641,73;1.034.272,40;232.051,20;221.140,00;611.962,00;149.577,00;14.495,00
24/11/2025;181.689,09;5.100,00;236;4.864,00;3.992,00;3.212,00;3.441,00;4.240,00;994;1.216,00;652;1.555,00;1.500,00;1.759,00;353;292;483;95.112,00;81.923,19;31.433,70;4.952,42;8.925,17;8.183,00;266,48;1,41;2,54;8,94;12,89;68,18;30,91;8.146,56;3.693,31;30.099,00;2.335.055,13;47.427.696,86;1.202.751,13;229.446,00;275.328,00;489.384,00;73.833,60;4.310,00
25/11/2025;170.519,90;3.896,00;638;3.258,00;3.494,00;2.890,00;3.528,00;2.774,00;1.075,00;993;604;1.548,00;1.452,00;1.553,00;411;236;424;87.797,00;77.053,60;26.780,04;5.256,30;6.463,12;7.344,40;211,22;1,49;1,84;7,62;10,95;66,03;28,67;8.040,38;3.491,11;39.038,00;1.672.921,03;49.100.617,89;580.864,75;253.619,93;151.553,28;583.428,00;133.836,00;20.720,00
26/11/2025;178.459,22;4.792,00;590;4.202,00;4.224,00;2.687,00;3.560,00;3.894,00;956;1.090,00;638;1.390,00;1.515,00;1.723,00;350;335;415;92.635,00;79.386,82;30.282,66;3.667,15;10.850,37;8.144,40;249,67;1,04;3,09;8,61;12,74;66,08;30,57;8.074,14;3.735,27;39.438,00;2.029.499,19;51.130.117,08;893.736,62;332.928,00;154.815,00;700.272,00;68.689,21;0
27/11/2025;173.686,73;5.138,00;639;4.499,00;4.373,00;2.001,00;2.039,00;3.680,00;941;1.262,00;568;1.384,00;1.575,00;1.666,00;336;348;393;89.252,00;79.175,93;25.646,34;4.669,63;7.740,60;6.452,30;219,63;1,33;2,2;7,29;10,82;59,74;29,16;7.333,05;3.579,37;38.452,00;2.029.371,25;53.159.488,33;1.080.750,72;377.856,00;149.758,93;311.184,00;127.747,57;0
28/11/2025;175.641,41;4.590,00;394;4.196,00;4.391,00;3.119,00;3.582,00;2.246,00;964;1.234,00;692;1.294,00;1.563,00;1.722,00;349;282;517;90.585,00;79.068,41;36.450,12;6.510,91;6.699,69;9.142,20;221,13;1,85;1,91;10,37;14,12;67,13;30,92;8.187,40;3.771,11;39.558,00;2.093.214,03;55.252.702,36;818.088,58;381.312,00;241.327,95;626.010,00;109.821,60;0
29/11/2025;174.485,42;4.383,00;148;4.235,00;3.999,00;3.387,00;3.680,00;1.881,00;1.072,00;1.404,00;756;1.672,00;1.504,00;1.738,00;337;280;580;84.549,00;84.150,52;38.364,74;5.332,31;6.742,27;9.845,60;244,88;1,52;1,92;10,91;14,35;68,13;31,12;8.280,52;3.782,32;39.291,00;2.360.003,94;57.612.706,30;932.822,31;307.248,00;286.848,00;746.424,00;4.854,00;0
30/11/2025;177.225,18;4.818,00;5;4.813,00;4.156,00;3.214,00;3.435,00;2.657,00;1.046,00;1.293,00;706;1.555,00;1.512,00;1.645,00;323;332;602;84.548,00;87.974,68;29.774,86;4.377,47;6.617,34;10.027,70;182,58;1,25;1,88;8,47;11,6;70,18;31,35;8.383,31;3.744,90;38.328,00;2.423.285,08;60.035.991,38;1.217.016,28;252.288,00;242.620,80;572.043,00;59.919,00;29.475,00
1/12/2025;184.398,66;5.001,00;277;4.724,00;4.074,00;3.415,00;3.771,00;3.306,00;999;1.226,00;823;1.476,00;1.490,00;1.633,00;342;88;598;96.313,00;82.992,16;46.907,90;5.943,17;915,94;9.723,50;124,32;1,69;0,26;13,34;15,29;68,18;38,26;8.503,80;4.772,01;34.024,00;2.633.013,02;2.633.013,02;1.143.374,02;230.850,00;293.760,00;782.730,00;168.792,00;1.435,00
2/12/2025;193.563,07;4.857,00;532;4.325,00;4.141,00;3.019,00;3.620,00;3.301,00;1.220,00;1.243,00;754;1.326,00;1.391,00;1.674,00;408;108;446;106.126,00;82.899,47;34.472,15;7.253,51;58,08;8.944,30;6,18;2,06;0,02;9,8;11,88;66,03;30,39;7.793,19;3.586,78;33.834,00;2.423.237,51;5.056.250,53;990.193,70;360.161,89;183.525,12;700.236,00;180.864,00;2.900,00
3/12/2025;190.453,93;4.979,00;518;4.461,00;4.156,00;2.738,00;3.398,00;4.132,00;1.007,00;1.393,00;705;1.209,00;1.332,00;1.583,00;370;335;474;103.038,00;83.425,73;33.701,78;6.001,95;9.384,05;8.904,20;279,26;1,71;2,67;9,59;13,96;69,18;31,25;8.299,14;3.748,89;34.068,00;2.462.194,36;7.518.444,89;1.104.831,87;346.410,00;155.678,88;638.996,00;186.220,80;18.865,00
4/12/2025;189.025,54;4.694,00;516;4.178,00;4.388,00;2.887,00;3.448,00;4.039,00;918;1.137,00;749;1.073,00;1.315,00;1.803,00;341;293;581;101.968,00;83.044,14;25.757,50;5.082,98;8.905,34;6.715,50;262,55;1,45;2,53;7,33;11,3;64,08;30,86;8.122,68;3.911,77;34.546,00;2.265.334,97;9.783.779,86;903.039,53;372.508,80;183.872,64;664.398,00;181.269,00;0
5/12/2025;173.861,92;3.372,00;528;2.844,00;3.050,00;3.250,00;3.595,00;3.178,00;1.025,00;794;728;757;1.063,00;1.386,00;384;282;502;97.600,00;72.775,12;15.312,36;2.735,39;7.018,60;4.291,10;199,79;0,78;2;4,36;7,13;65,98;28,93;7.919,26;3.472,33;34.465,00;1.698.773,09;11.482.552,95;426.252,45;158.592,00;263.769,60;727.116,00;141.516,00;7.705,00
6/12/2025;169.897,54;4.569,00;620;3.949,00;4.120,00;3.372,00;3.653,00;3.033,00;1.077,00;1.119,00;709;1.157,00;1.325,00;1.561,00;458;227;330;91.255,00;78.214,94;29.037,51;5.583,23;7.345,11;7.584,10;245,24;1,59;2,09;8,26;11,94;63,08;30,38;7.901,95;3.805,66;30.984,00;2.018.877,23;13.501.430,18;725.459,27;235.131,00;269.745,60;669.240,00;115.338,04;18.371,25
7/12/2025;173.104,68;4.775,00;169;4.606,00;4.205,00;2.801,00;1.791,00;1.871,00;1.012,00;1.277,00;438;1.042,00;1.805,00;1.526,00;363;70;557;89.692,00;81.546,58;28.854,18;3.904,06;1.783,74;7.165,40;120,86;1,11;0,51;8,21;9,82;64,03;29,73;7.781,26;3.612,94;33.392,00;1.979.367,73;15.480.797,91;1.067.332,17;248.247,00;202.784,15;359.730,00;83.874,75;47.889,50
8/12/2025;142.206,16;3.707,00;201;3.506,00;856;138;162;3.437,00;1.041,00;836;187;974;1.639,00;1.020,00;399;103;214;76.398,00;65.068,16;13.119,01;3.494,64;0;3.534,00;0,76;0,99;0;3,73;4,73;54,29;22,02;6.477,45;2.627,25;34.238,00;1.024.488,18;16.505.286,09;785.928,00;26.592,00;0;0;71.424,00;16.975,00
9/12/2025;174.179,05;4.902,00;676;4.226,00;3.860,00;2.479,00;3.035,00;2.652,00;946;1.144,00;558;945;1.485,00;1.699,00;358;94;492;92.162,00;79.364,95;28.786,92;3.744,48;0;7.469,40;0,9;1,06;0;8,19;9,25;64,93;30,38;8.072,12;3.776,85;34.036,00;1.962.895,60;18.468.181,69;925.648,40;315.648,00;167.702,40;402.300,00;211.968,00;14.960,00
10/12/2025;186.872,71;5.065,00;661;4.404,00;4.401,00;3.359,00;3.378,00;3.117,00;915;1.228,00;604;1.111,00;1.430,00;1.561,00;412;80;411;100.680,00;82.601,51;33.035,47;5.006,71;0;8.370,20;0,89;1,42;0;9,4;10,82;67,18;30,76;8.103,99;3.710,61;33.847,00;2.474.664,97;20.942.846,66;1.065.952,17;389.376,00;286.848,00;525.564,00;136.636,80;5.800,00
11/12/2025;186.711,72;4.926,00;651;4.275,00;4.413,00;2.953,00;3.691,00;2.289,00;912;1.137,00;654;1.186,00;1.469,00;1.503,00;386;195;402;101.672,00;81.610,72;33.667,02;5.137,34;3.357,94;8.651,20;90,49;1,46;0,96;9,58;11,99;63,08;29,61;7.603,80;3.569,25;34.044,00;2.284.719,18;23.227.565,84;889.797,30;395.136,00;182.047,68;751.275,00;201.124,80;13.860,00
12/12/2025;167.819,36;4.756,00;674;4.082,00;4.080,00;2.782,00;3.547,00;3.931,00;879;1.195,00;698;1.429,00;1.464,00;1.724,00;397;284;385;93.224,00;74.570,66;32.722,36;7.620,31;8.093,99;8.239,40;209,67;2,17;2,3;9,31;13,78;67,08;30,35;8.066,67;3.649,72;34.602,00;2.158.377,17;25.385.943,01;810.507,11;376.310,91;162.432,00;668.070,00;52.603,20;13.578,75
13/12/2025;199.263,76;5.213,00;416;4.797,00;4.243,00;2.938,00;3.804,00;634;1.047,00;1.350,00;740;1.333,00;1.149,00;1.763,00;440;54;589;105.689,00;91.157,36;38.396,90;6.552,53;0;9.322,50;0,92;1,86;0;10,92;12,78;66,18;30,69;8.105,70;3.758,90;34.618,00;2.693.544,51;28.079.487,52;1.235.519,78;387.791,98;181.440,00;801.450,00;127.478,40;68.910,75
14/12/2025;190.952,47;5.132,00;452;4.680,00;4.410,00;2.865,00;3.575,00;3.283,00;865;1.191,00;739;1.284,00;1.210,00;1.871,00;354;77;573;103.288,00;84.716,77;37.580,74;6.441,73;0;9.195,40;0,9;1,83;0;10,69;12,52;68,18;32,39;8.560,18;4.066,65;33.888,00;2.525.095,08;30.604.582,60;1.097.992,08;391.680,00;171.279,00;685.584,00;18.432,00;0
15/12/2025;187.971,91;5.383,00;615;4.768,00;4.216,00;3.001,00;3.486,00;3.217,00;863;1.231,00;684;1.235,00;831;1.713,00;359;110;525;101.545,00;83.159,41;31.665,40;6.616,09;0;7.923,10;0,87;1,88;0;9,01;10,89;68,13;31,46;8.243,20;3.806,42;34.209,00;2.552.015,91;33.156.598,51;1.172.331,39;336.835,20;214.804,92;658.782,92;178.560,00;0
16/12/2025;178.104,70;4.562,00;615;3.947,00;3.834,00;3.244,00;3.698,00;1.856,00;1.038,00;1.075,00;777;1.266,00;985;1.659,00;412;185;593;95.283,00;80.865,50;30.323,24;3.695,01;2.706,98;7.645,30;82,8;1,05;0,77;8,62;10,45;58,64;29,4;7.140,06;3.579,77;33.734,00;2.131.046,01;35.287.644,52;797.720,83;272.325,00;257.921,78;784.008,00;169.262,40;28.690,00
17/12/2025;166.197,65;4.278,00;629;3.649,00;4.328,00;2.006,00;2.558,00;3.332,00;990;1.003,00;624;1.394,00;1.505,00;1.457,00;420;242;470;86.059,00;78.236,95;23.422,96;3.778,21;7.184,44;6.211,20;204,68;1,07;2,04;6,66;9,78;56,39;27,86;6.937,75;3.427,66;33.859,00;1.709.716,29;36.997.360,81;643.894,75;365.361,00;106.938,94;446.140,00;19.070,40;18.300,00
18/12/2025;174.126,39;4.721,00;638;4.083,00;4.436,00;2.806,00;3.579,00;389;1.057,00;1.261,00;643;1.335,00;1.643,00;1.484,00;420;170;266;92.660,00;78.922,89;30.371,40;5.495,97;5.327,48;7.359,70;94,59;1,56;1,52;8,64;11,72;63,88;30,93;7.707,58;3.731,93;34.038,00;2.316.356,51;39.313.717,32;1.016.272,51;407.808,00;174.486,00;717.790,00;147.381,00;72.677,00
19/12/2025;173.844,61;4.638,00;622;4.016,00;4.300,00;2.848,00;3.490,00;2.937,00;1.007,00;1.327,00;598;1.616,00;1.713,00;1.723,00;369;221;563;90.582,00;80.215,11;31.740,26;6.898,20;6.909,62;8.866,10;237,38;1,96;1,97;9,03;12,95;65,13;29,72;8.083,55;3.688,67;26.038,00;2.131.925,09;41.445.642,41;890.140,34;369.792,00;170.550,00;572.544,00;0;25.692,75
20/12/2025;180.730,42;3.932,00;388;3.544,00;3.704,00;3.254,00;3.569,00;3.270,00;957;1.288,00;639;1.084,00;1.655,00;1.619,00;360;303;508;91.037,00;88.290,22;31.391,34;5.193,24;7.279,80;8.380,90;269,49;1,48;2,07;8,93;12,48;65,03;30,49;8.052,41;3.775,46;42.295,00;1.333.048,61;42.778.691,02;687.889,10;359.463,51;285.696,00;528.300,00;103.206,00;20.250,00
21/12/2025;177.742,45;4.809,00;229;4.580,00;4.044,00;2.923,00;3.306,00;2.701,00;915;1.439,00;687;1.102,00;1.818,00;1.634,00;358;355;497;93.027,00;83.535,75;36.910,85;4.620,99;7.891,73;9.711,40;247,11;1,31;2,24;10,5;14,06;66,03;29,95;7.842,08;3.557,02;33.857,00;2.285.517,33;45.064.208,35;1.039.710,08;350.501,41;193.395,84;575.640,00;101.596,80;0
22/12/2025;181.162,62;5.361,00;637;4.724,00;4.046,00;3.052,00;3.640,00;2.816,00;961;1.307,00;720;1.362,00;1.822,00;1.635,00;380;249;324;94.493,00;84.157,92;35.190,95;4.529,15;4.885,02;9.618,20;120,53;1,29;1,39;10,01;12,69;68,13;32,36;8.289,85;3.937,47;35.159,00;2.437.323,32;47.501.531,67;1.123.191,72;232.416,00;213.849,60;676.260,00;126.270,00;18.305,00
23/12/2025;182.940,85;5.160,00;389;4.771,00;3.993,00;3.114,00;3.689,00;1.147,00;1.099,00;1.407,00;784;1.582,00;1.732,00;1.684,00;440;94;593;96.216,00;84.990,15;34.548,80;4.752,42;1.292,88;9.452,70;136,84;1,35;0,37;9,83;11,55;65,18;30,75;8.142,81;3.841,54;34.003,00;2.546.893,31;50.048.424,98;1.170.877,17;221.604,00;253.948,80;759.492,00;173.301,00;69.316,75
24/12/2025;169.473,21;3.280,00;173;3.107,00;2.761,00;2.219,00;2.298,00;2.088,00;957;887;507;1.108,00;1.032,00;1.206,00;438;146;332;79.290,00;90.969,31;25.172,30;4.494,52;4.413,24;6.967,40;124,61;1,28;1,26;7,16;9,69;49,98;23,59;6.047,97;2.854,57;33.186,00;1.644.242,94;51.692.667,92;735.623,89;184.734,00;173.485,85;480.840,00;35.712,00;0
25/12/2025;160.604,90;3.633,00;224;3.409,00;3.521,00;2.641,00;2.885,00;2.588,00;893;953;607;1.297,00;1.670,00;1.363,00;365;252;284;99.377,00;62.014,90;27.856,60;4.176,03;3.979,16;7.875,00;120,73;1,19;1,13;7,92;10,24;56,08;27,14;6.808,45;3.294,96;33.850,00;1.628.972,47;53.321.640,39;682.380,00;296.064,00;162.911,47;487.617,00;69.559,20;4.565,00
26/12/2025;183.356,99;4.853,00;654;4.199,00;4.318,00;2.766,00;3.516,00;3.185,00;924;1.122,00;679;1.544,00;1.763,00;1.669,00;361;281;449;88.428,00;92.999,29;26.698,40;4.044,83;6.891,88;6.904,00;177,06;1,15;1,96;7,59;10,7;66,13;32,26;8.116,92;3.959,65;34.338,00;2.214.289,50;55.535.929,89;857.836,10;384.768,00;163.492,80;673.107,00;0;16.120,00
27/12/2025;147.509,55;4.861,00;401;4.460,00;3.950,00;2.848,00;3.356,00;2.376,00;906;1.267,00;629;1.834,00;1.818,00;1.671,00;348;227;499;74.503,00;71.142,45;28.478,76;7.524,15;6.094,79;7.373,50;138,63;2,14;1,73;8,1;11,97;66,18;22,94;8.009,00;2.776,16;33.982,00;2.159.823,58;57.695.753,47;1.140.471,58;267.264,00;174.576,00;577.512,00;118.965,60;53.498,50
28/12/2025;160.526,27;4.559,00;204;4.355,00;4.132,00;2.885,00;3.334,00;3.984,00;789;1.194,00;631;1.515,00;1.789,00;1.644,00;312;334;316;76.480,00;82.837,47;33.785,94;5.865,85;9.804,44;9.027,20;241,62;1,67;2,79;9,61;14,07;69,23;31,98;8.440,88;3.899,17;34.160,00;2.238.815,45;59.934.568,92;1.086.548,81;337.478,40;165.056,64;467.076,00;95.550,00;0
29/12/2025;181.304,13;4.852,00;534;4.318,00;3.736,00;3.234,00;3.588,00;3.463,00;893;1.323,00;790;1.264,00;1.863,00;1.586,00;365;237;437;90.267,00;87.856,93;33.447,50;2.930,47;8.176,26;8.728,20;265,22;0,83;2,33;9,51;12,67;68,13;39,65;8.259,76;4.806,98;34.416,00;2.430.874,97;62.365.443,89;989.597,06;334.563,51;281.088,00;693.108,00;182.655,60;8.700,00
30/12/2025;186.085,53;5.019,00;245;4.774,00;3.994,00;3.201,00;3.969,00;143;1.055,00;1.595,00;739;1.383,00;1.739,00;1.780,00;400;14;484;96.970,00;86.446,03;39.157,20;6.246,90;3.488,80;10.129,60;262,13;1,78;0,99;11,14;13,91;71,18;24,13;8.399,78;2.847,52;33.984,00;2.484.089,31;64.849.533,20;1.173.501,36;232.019,99;267.624,00;733.500,00;132.518,00;76.431,00
31/12/2025;148.232,62;3.356,00;164;3.192,00;2.759,00;2.313,00;2.105,00;147;884;975;536;1.025,00;994;1.090,00;340;20;275;80.103,00;71.601,22;25.909,90;5.282,33;1.207,77;7.154,69;102,54;1,5;0,34;7,37;9,22;47,98;21,54;6.276,27;2.817,65;32.414,00;1.597.242,67;66.446.775,87;756.246,41;143.472,00;178.977,60;487.854,00;0;1.491,00
