Trimestre;LY_CO;LPC_CO;RS_CO;LS_CO;U_CO;;;;;;;
1994-Q1;;;;670,8706601;;;;;;;;
1994-Q2;;;;670,8865219;;;;;;;;
1994-Q3;;;;673,5780014;;;;;;;;
1994-Q4;;;;672,2954652;;;;;;;;
1995-Q1;;317,0400465;;678,0183237;;;;;;;;
1995-Q2;;321,6812674;45;678,1318659;;;;;;;;
1995-Q3;;326,5464685;45;688,0178511;;;;;;;;
1995-Q4;;331,4749123;41;689,5328384;;;;;;;;
1996-Q1;395,3689425;336,5226818;35;695,5039548;9,341077276;;;;;;;
1996-Q2;395,8057997;341,7662845;35;697,5161559;10,14089165;;;;;;;
1996-Q3;396,1631329;346,7231513;35;693,2506426;11,43927616;;;;;;;
1996-Q4;396,4348251;351,5222235;33;691,3071125;11,54423987;;;;;;;
1997-Q1;396,1619549;355,92862;28,5;696,5910973;11,23167654;;;;;;;
1997-Q2;399,5270343;360,113247;27,5;699,3024306;11,89636418;;;;;;;
1997-Q3;400,3057393;364,1626154;27;712,7910369;11,53029654;;;;;;;
1997-Q4;401,2000299;368,0258429;27;716,5168847;12,17558548;;;;;;;
1998-Q1;401,6415884;372,060723;30;721,3790399;13,40956743;;;;;;;
1998-Q2;401,7324459;376,0524086;32;721,7472778;13,98620275;;;;;;;
1998-Q3;399,3574737;379,8596005;32;734,9970101;14,23755237;;;;;;;
1998-Q4;396,7246401;383,4830481;26;734,0906888;15,72206905;;;;;;;
1999-Q1;395,5454355;388,0292734;20;733,5314505;18,28890795;;;;;;;
1999-Q2;394,6696682;389,3021442;18;745,7089824;17,5205808;;;;;;;
1999-Q3;396,1172301;391,5867436;16;760,9500391;19,02711359;;;;;;;
1999-Q4;396,0209901;393,6980816;12;753,5707723;18,10447163;;;;;;;
2000-Q1;397,9981969;396,2510116;12;757,6384332;16,9148516;;;;;;;
2000-Q2;398,0291798;397,6066883;12;766,8145134;16,4694824;;;;;;;
2000-Q3;398,5866363;399,5364239;12;770,1625238;17,39819811;;;;;;;
2000-Q4;398,4703466;401,3380198;12;770,9389084;18,36503565;;;;;;;
2001-Q1;399,1855533;403,0923399;11,5;774,4929208;15,7332337;;;;;;;
2001-Q2;399,4316175;404,6941888;11,5;774,2979112;14,5471948;;;;;;;
2001-Q3;400,2529944;406,1452611;9,5;775,3086922;14,25501768;;;;;;;
2001-Q4;400,8625765;407,4996428;8,5;773,6822248;14,51696495;;;;;;;
2002-Q1;399,9744273;408,6555878;7,25;772,3664192;14,74495422;;;;;;;
2002-Q2;403,3605776;409,8333273;5,25;778,2448716;15,82098587;;;;;;;
2002-Q3;402,9981396;411,1372315;5,25;794,7353315;14,49835591;;;;;;;
2002-Q4;403,2617396;412,5780632;5,25;796,0250328;16,50871244;;;;;;;
2003-Q1;404,0802109;414,2963749;6,25;799,2353156;12,90823452;;;;;;;
2003-Q2;405,7481758;415,8058626;7,25;794,3541357;13,69226713;;;;;;;
2003-Q3;406,9351026;417,3213646;7,25;796,8800686;14,18030837;;;;;;;
2003-Q4;408,1984552;418,7316215;7,25;792,9562114;12,73405254;;;;;;;
2004-Q1;410,0709189;419,9637192;6,75;789,2885271;13,52769469;;;;;;;
2004-Q2;410,0559376;421,2846088;6,75;790,0851484;13,58799081;;;;;;;
2004-Q3;411,2264272;422,4414964;6,75;786,1407304;12,4381253;;;;;;;
2004-Q4;414,3748781;423,4895771;6,5;777,8944037;12,64455336;;;;;;;
2005-Q1;414,1546164;424,6276536;6,5;777,337568;12,67102466;;;;;;;
2005-Q2;415,7319361;425,5907353;6,5;775,4400069;11,30341697;;;;;;;
2005-Q3;415,8883083;426,5240603;6;773,6136776;11,14219355;;;;;;;
2005-Q4;417,7459469;427,568163;6;773,3779888;10,84481637;;;;;;;
2006-Q1;419,8704578;428,3125066;6;773,6298363;11,15228863;;;;;;;
2006-Q2;421,508618;429,2001137;6,5;787,5924734;10,31253265;;;;;;;
2006-Q3;423,2656178;430,2674895;6,75;778,2002437;12,89699618;;;;;;;
2006-Q4;424,8495242;431,2327222;7,5;771,369082;12,37653052;;;;;;;
2007-Q1;426,5492818;432,4259383;8,25;767,5573844;11,64261641;;;;;;;
2007-Q2;427,9440046;433,5616973;9;757,9724787;11,25488756;;;;;;;
2007-Q3;429,8645026;434,6787799;9,25;760,747084;11,05450102;;;;;;;
2007-Q4;431,0799125;435,7946455;9,5;760,8255361;10,87541527;;;;;;;
2008-Q1;431,4817885;436,9351101;9,75;750,7470515;10,87857315;;;;;;;
2008-Q2;432,1480135;438,1126551;9,75;756,1652146;11,12753067;;;;;;;
2008-Q3;433,2048265;439,2426106;10;768,4609216;11,52696276;;;;;;;
2008-Q4;431,4817885;440,4661865;9,5;771,5832541;11,56735311;;;;;;;
2009-Q1;431,8820559;441,5154051;7;784,8235082;11,61624945;;;;;;;
2009-Q2;432,9416684;442,5053292;4,5;767,724757;11,78786353;;;;;;;
2009-Q3;433,5982696;443,3129867;4;756,112159;12,32882365;;;;;;;
2009-Q4;434,5103281;443,9166444;3,5;762,2776469;12,50492341;;;;;;;
2010-Q1;435,7990057;444,5059854;3,5;756,4544445;11,78266323;;;;;;;
2010-Q2;436,9447852;445,003998;3;755,8235013;12,08717168;;;;;;;
2010-Q3;437,8269586;445,6041744;3;749,5480831;11,6654317;;;;;;;
2010-Q4;439,9375273;446,2288518;3;755,6940123;11,79664656;;;;;;;
2011-Q1;441,8840608;446,9120446;3,5;753,8745101;11,20051959;;;;;;;
2011-Q2;443,5567402;447,6085583;4,25;748,4458527;11,19666986;;;;;;;
2011-Q3;445,5509411;448,2908612;4,5;755,752512;10,64309166;;;;;;;
2011-Q4;446,3606622;449,0313645;4,75;757,1834037;10,48957071;;;;;;;
2012-Q1;447,1638793;449,8169963;5,25;748,69832;10,39035881;;;;;;;
2012-Q2;448,3002552;450,516864;5,25;749,8648226;10,65214099;;;;;;;
2012-Q3;448,187197;451,229839;4,75;749,4474708;10,3609032;;;;;;;
2012-Q4;449,2001488;451,9441801;4,25;747,7734325;10,33433076;;;;;;;
2013-Q1;450,8659286;452,5082889;3,25;751,327271;10,14386816;;;;;;;
2013-Q2;452,9368473;453,1810005;3,25;756,1449319;9,795391859;;;;;;;
2013-Q3;453,9030383;453,9427405;3,25;755,7290117;9,595907356;;;;;;;
2013-Q4;455,0714;454,5755901;3,25;756,3631444;9,263021602;;;;;;;
2014-Q1;456,4348191;455,2465628;3,25;758,3410361;9,351073013;;;;;;;
2014-Q2;457,0578741;455,9669208;4;753,9659834;9,114744368;;;;;;;
2014-Q3;457,8826211;456,6505235;4,5;761,5042023;9,054582655;;;;;;;
2014-Q4;458,9040804;457,5142806;4,5;778,0077404;9,10697068;;;;;;;
2015-Q1;459,7138014;458,5744888;4,5;785,4012497;8,668193903;;;;;;;
2015-Q2;460,2165677;459,7514707;4,5;785,7523339;9,015922863;;;;;;;
2015-Q3;461,4129927;461,0949822;4,75;804,6209882;9,13012715;;;;;;;
2015-Q4;460,7168189;462,7062219;5,75;805,4989464;9,015521148;;;;;;;
2016-Q1;461,8086411;464,1701507;6,5;801,3789953;9,380150493;;;;;;;
2016-Q2;462,3010104;465,686153;7,5;797,8019532;9,111624818;;;;;;;
2016-Q3;462,8886713;467,2038463;7,75;796,5528212;9,292131218;;;;;;;
2016-Q4;463,2785353;468,4088184;7,5;800,6604206;9,296070539;;;;;;;
2017-Q1;463,1812117;469,8052463;7;796,5628903;9,331752914;;;;;;;
2017-Q2;463,7637376;471,0770242;6,25;801,9040262;9,206489405;;;;;;;
2017-Q3;464,1502115;472,0547043;5,25;798,652874;9,490456428;;;;;;;
2017-Q4;464,6312129;473,068421;4,75;800,1019961;9,662440518;;;;;;;
2018-Q1;465,3007515;473,9444905;4,5;793,0375257;9,333264735;;;;;;;
2018-Q2;465,9658371;474,6492557;4,25;798,7894656;9,566263793;;;;;;;
2018-Q3;467,0021158;475,4254051;4,25;800,2888188;9,580540482;;;;;;;
2018-Q4;467,562865;476,1528078;4,25;808,6333349;10,40564681;;;;;;;
2019-Q1;468,3056725;476,8187548;4,25;806,8070823;10,35941414;;;;;;;
2019-Q2;469,4096395;477,7800686;4,25;807,0040089;10,25739127;;;;;;;
2019-Q3;470,0480366;478,5677019;4,25;814,9604624;10,73094118;;;;;;;
2019-Q4;470,8628894;479,2660025;4,25;809,472637;10,83257219;;;;;;;
2020-Q1;468,4905154;479,8733173;3,75;831,012228;11,07120785;;;;;;;
2020-Q2;452,5044142;480,1647414;2,75;823,1884301;20,40238446;;;;;;;
2020-Q3;461,4129927;480,5260905;1,75;826,3317199;17,60732439;;;;;;;
2020-Q4;467,2828834;480,8532748;1,75;814,1044138;15,5254368;;;;;;;
2021-Q1;470,3203926;481,3914565;1,75;822,6014346;14,11825;;;;;;;
2021-Q2;468,0277658;482,2743854;1,75;823,1288206;14,81638;;;;;;;
2021-Q3;;483,1247031;1,75;825,1841268;13,00422;;;;;;;
;;;;;;;;;;;;
;;;;;;;;;;;;
;;;;;;;;;;;;
;;;;;;;;;;;;
